date,ticker,percent_gain
2000-01-03,TWX,9.21
2000-01-04,SLR,17.65
2000-01-05,PRD,38.71
2000-01-06,FDX,11.18
2000-01-07,NTAP,23.19
2000-01-11,EHC,10.42
2000-01-13,SCHW,19.12
2000-01-14,CIN,82.84
2000-01-18,CIN,32.73
2000-01-28,EMN,5.79
2000-01-31,PRD,18.52
2000-02-01,PRD,17.86
2000-02-03,CIN,36.0
2000-02-04,CIN,21.02
2000-02-07,CIN,13.46
2000-02-17,PTC,18.53
2000-02-24,ETN,19.43
2000-02-25,ORCL,14.14
2000-02-28,K,10.42
2000-03-09,MOLX,12.0
2000-03-15,CL,18.09
2000-03-16,YUM,18.47
2000-03-17,PRD,19.35
2000-03-20,KMG,14.14
2000-03-21,XRX,12.8
2000-03-29,LPX,14.21
2000-04-03,CIN,11.54
2000-04-04,MOLX,8.5
2000-04-05,NTAP,14.98
2000-04-06,CIN,25.0
2000-04-10,GT,11.76
2000-04-18,NTRS,17.4
2000-04-19,EHC,11.5
2000-04-20,ALL,12.15
2000-04-25,NTAP,20.48
2000-04-26,BOL,9.3
2000-04-27,NTAP,20.65
2000-05-04,FCX,16.47
2000-05-05,UIS,8.01
2000-05-08,PTC,22.96
2000-05-09,SVU,6.34
2000-05-10,TRB,25.0
2000-05-11,WM,13.48
2000-05-15,TROW,14.88
2000-05-16,ADBE,10.14
2000-05-17,BOL,10.81
2000-05-30,QCOM,20.6
2000-06-01,BOL,13.89
2000-06-02,BOL,10.81
2000-06-05,CIN,12.96
2000-06-06,BOL,10.81
2000-06-07,PRD,23.53
2000-06-08,ROH,12.99
2000-06-09,BOL,7.89
2000-06-13,NTAP,10.69
2000-06-15,PRD,20.0
2000-06-16,COP,5.14
2000-06-19,TROW,13.44
2000-06-20,MU,10.96
2000-06-21,BOL,10.81
2000-06-23,BOL,8.75
2000-06-26,CIN,16.95
2000-06-27,FDX,6.86
2000-06-29,ITT,11.16
2000-07-03,AMD,9.42
2000-07-06,HUM,9.3
2000-07-10,JWN,8.29
2000-07-13,MCK,6.5
2000-07-14,PTC,10.93
2000-07-17,BOL,10.81
2000-07-18,BOL,10.81
2000-07-19,BOL,9.04
2000-07-27,UNM,10.34
2000-07-28,FCX,6.82
2000-07-31,CMCSA,8.0
2000-08-03,TER,12.89
2000-08-04,KMG,7.59
2000-08-07,PHM,11.91
2000-08-17,BLS,50.0
2000-08-21,BLS,40.0
2000-08-23,KLAC,8.79
2000-08-24,BOL,10.66
2000-08-25,ADSK,6.24
2000-08-30,WHR,15.15
2000-09-07,NTAP,10.11
2000-09-13,MCK,8.74
2000-09-14,EP,20.0
2000-09-15,ABT,10.19
2000-09-27,MAT,15.29
2000-10-02,CAT,10.48
2000-10-03,BOL,12.5
2000-10-10,APA,9.48
2000-10-16,NTAP,9.48
2000-10-17,BOL,8.7
2000-10-18,TWX,17.28
2000-10-19,VFC,14.44
2000-10-23,A,9.66
2000-10-30,R,14.02
2000-11-02,KMG,9.37
2000-11-03,XRX,10.14
2000-11-06,BOL,9.09
2000-11-07,CIN,10.0
2000-11-08,CIN,10.0
2000-11-17,OI,11.11
2000-11-20,CCK,12.5
2000-11-22,AES,10.84
2000-11-24,TER,10.79
2000-11-27,SLR,7.14
2000-11-28,CIN,8.11
2000-11-29,BOL,9.09
2000-12-01,SFA,11.04
2000-12-05,NTAP,30.11
2000-12-08,SLR,22.5
2000-12-11,SLR,28.95
2000-12-12,CIN,10.54
2000-12-14,TRB,16.67
2000-12-15,NBR,8.33
2000-12-18,CIN,12.07
2000-12-22,LPX,14.29
2000-12-29,SLR,12.5
2001-01-02,DDS,9.84
2001-01-05,PCG,12.22
2001-01-08,EIX,21.52
2001-01-09,ADSK,12.74
2001-01-12,XRX,10.62
2001-01-16,EP,13.8
2001-01-22,CIN,13.92
2001-01-26,SANM,11.79
2001-01-29,XRX,13.43
2001-01-30,SEE,10.48
2001-01-31,CSX,6.76
2001-02-07,DRI,7.28
2001-02-09,SFA,7.76
2001-02-15,A,8.35
2001-02-16,MU,6.24
2001-02-20,ODP,5.56
2001-02-26,INTU,11.59
2001-02-27,UVN,16.67
2001-03-01,UVN,44.44
2001-03-02,SLR,12.5
2001-03-08,TLAB,12.15
2001-03-09,SLR,13.64
2001-03-12,SLR,4.0
2001-03-22,JBL,22.22
2001-03-28,XRX,8.13
2001-03-29,FLR,7.58
2001-03-30,CB,7.3
2001-04-02,EP,7.64
2001-04-03,NEM,5.31
2001-04-11,EIX,5.62
2001-04-18,SLR,15.0
2001-04-19,BOL,25.0
2001-04-20,NTAP,8.78
2001-05-02,EP,19.05
2001-05-08,PTC,6.26
2001-05-09,EP,25.0
2001-05-10,NSC,6.44
2001-05-14,PCG,11.43
2001-05-22,CVG,7.32
2001-05-29,EIX,6.09
2001-05-30,BLS,20.0
2001-05-31,EIX,8.08
2001-06-04,CVG,7.84
2001-06-12,SLR,8.33
2001-06-18,CAR,5.32
2001-06-19,UIS,6.11
2001-06-20,PTC,9.82
2001-06-25,BLS,13.33
2001-06-29,TLAB,12.02
2001-07-02,MMM,7.33
2001-07-03,RHI,7.8
2001-07-09,PCAR,9.43
2001-07-10,BOL,8.0
2001-07-11,BOL,8.0
2001-07-12,SANM,9.43
2001-07-23,SFA,8.26
2001-07-27,AES,8.91
2001-07-30,BLS,50.0
2001-07-31,SFA,12.55
2001-08-03,BOL,8.0
2001-08-06,NTAP,3.86
2001-08-07,KMG,8.6
2001-08-10,CVG,8.7
2001-08-16,CMVT,7.35
2001-08-17,ROK,4.09
2001-08-20,SLR,20.0
2001-08-29,KBH,5.03
2001-08-30,BLS,5.0
2001-08-31,VIAV,9.3
2001-09-04,MAT,4.94
2001-09-05,HRB,6.16
2001-09-06,CIEN,5.47
2001-09-07,ADBE,7.79
2001-09-10,TWX,9.24
2001-09-17,LUV,15.56
2001-09-18,MOLX,7.04
2001-09-21,UVN,125.0
2001-09-24,UIS,20.13
2001-09-26,NEM,5.99
2001-10-02,SNA,7.24
2001-10-03,CIEN,28.25
2001-10-04,DVN,7.4
2001-10-10,LPX,13.56
2001-10-11,CIEN,16.07
2001-10-16,PTC,12.75
2001-10-22,BLS,26.67
2001-10-23,BOL,7.75
2001-10-24,UVN,66.67
2001-11-05,LPX,7.97
2001-11-07,CIEN,9.99
2001-11-08,IPG,4.87
2001-11-09,SLR,9.52
2001-11-12,KBH,7.83
2001-11-13,CIN,9.26
2001-11-26,CBE,57.14
2001-11-30,CBE,25.0
2001-12-03,BLS,11.11
2001-12-04,BLS,10.0
2001-12-05,NTAP,11.46
2001-12-06,EP,33.33
2001-12-13,CNC,20.53
2001-12-14,AMD,7.51
2001-12-17,BLS,13.04
2001-12-18,CBE,25.0
2001-12-20,XRX,5.74
2001-12-21,TRB,10.0
2001-12-24,WOR,3.94
2002-01-02,CBE,10.0
2002-01-03,CBE,27.27
2002-01-07,HAL,7.09
2002-01-11,CBE,9.09
2002-01-14,SLR,6.82
2002-01-15,NVDA,4.96
2002-01-17,UIS,5.93
2002-01-18,HUM,5.69
2002-01-28,LPX,7.15
2002-01-30,JCI,17.74
2002-01-31,CAR,6.46
2002-02-01,SLR,9.09
2002-02-04,SLR,10.91
2002-02-05,CBE,12.5
2002-02-06,SLR,12.07
2002-02-07,CBE,28.57
2002-02-11,CBE,14.29
2002-02-12,PTC,5.3
2002-02-15,JCI,7.31
2002-02-22,CBE,28.57
2002-02-25,AES,15.48
2002-02-26,WMB,8.77
2002-03-07,WMB,7.8
2002-03-08,AES,10.68
2002-03-11,CIEN,13.95
2002-03-21,SANM,6.46
2002-03-27,SLR,7.89
2002-03-28,CIEN,9.49
2002-04-01,SLR,6.25
2002-04-11,CNC,6.97
2002-04-17,EP,11.11
2002-04-18,HRB,5.16
2002-04-19,CBE,12.5
2002-05-01,CMCSA,10.38
2002-05-06,SLR,5.26
2002-05-07,SLR,6.67
2002-05-08,NTAP,11.76
2002-05-09,BLS,11.43
2002-05-10,SFA,3.26
2002-05-13,NTAP,11.88
2002-05-14,XRX,7.23
2002-05-15,JBL,11.96
2002-05-16,UVN,20.0
2002-05-21,SLR,9.59
2002-05-28,UVN,22.22
2002-05-29,SFA,6.9
2002-05-30,UVN,14.29
2002-06-11,HUM,6.39
2002-06-17,BLS,15.79
2002-06-18,CBE,25.0
2002-06-19,JCI,7.64
2002-06-26,CBE,22.22
2002-06-27,PTC,14.02
2002-07-01,XRX,3.79
2002-07-08,BLS,7.32
2002-07-09,VIAV,8.36
2002-07-10,SLR,15.0
2002-07-16,PTC,11.26
2002-07-17,SFA,10.93
2002-07-18,KMG,16.04
2002-07-22,CBE,11.11
2002-07-23,CBE,11.11
2002-07-24,WMB,25.0
2002-07-25,CNP,46.42
2002-07-26,WMB,12.5
2002-07-29,WMB,35.37
2002-07-30,WMB,21.11
2002-08-01,KMG,17.1
2002-08-09,XEL,10.93
2002-08-14,AON,21.33
2002-08-15,SLR,30.43
2002-08-16,ADSK,24.31
2002-08-19,NVDA,13.45
2002-08-21,WMB,20.33
2002-08-22,AES,26.0
2002-08-29,EHC,13.4
2002-09-03,CBE,11.11
2002-09-04,VIAV,13.2
2002-09-05,BBY,7.84
2002-09-06,CBE,12.5
2002-09-09,SLR,13.68
2002-09-11,AES,10.6
2002-09-19,PEP,9.26
2002-09-25,BLS,48.15
2002-09-26,CNP,11.37
2002-09-27,SFA,10.55
2002-10-09,NTAP,11.63
2002-10-15,UIS,11.88
2002-10-16,TWX,5.63
2002-10-17,CBE,16.67
2002-10-29,WMB,14.71
2002-11-04,CIN,13.16
2002-11-05,LMT,10.3
2002-11-06,SLR,19.4
2002-11-18,THC,9.01
2002-11-22,SANM,18.88
2002-11-25,AMD,15.89
2002-11-26,THC,6.71
2002-12-09,AES,11.93
2002-12-12,CIN,21.21
2002-12-13,EP,25.0
2002-12-16,CBE,16.67
2002-12-17,SLR,17.33
2002-12-19,CBE,20.0
2002-12-30,SLR,25.0
2003-01-06,CBE,16.67
2003-01-07,SANM,10.75
2003-01-08,CBE,50.0
2003-01-21,CIN,9.55
2003-01-27,CFC,9.84
2003-01-28,AES,20.0
2003-01-29,MU,9.78
2003-02-18,WMB,8.36
2003-02-21,CIN,20.0
2003-02-24,SLR,6.67
2003-02-25,PTC,17.2
2003-02-26,EP,10.0
2003-02-27,EP,66.67
2003-02-28,CBE,16.67
2003-03-10,CIN,11.54
2003-03-14,SLR,11.48
2003-03-17,CBE,25.0
2003-03-18,GT,21.14
2003-03-19,GDW,4.55
2003-03-20,CIN,14.81
2003-03-21,SFA,13.91
2003-03-24,SLR,6.56
2003-03-28,FCX,6.06
2003-03-31,EP,100.0
2003-04-01,BOL,50.0
2003-04-03,GT,5.9
2003-04-04,AES,11.9
2003-04-07,KMG,20.72
2003-04-16,BLS,42.86
2003-04-17,KMG,14.91
2003-04-22,CIN,14.3
2003-04-24,CIN,8.33
2003-04-25,GDW,12.5
2003-04-28,CBE,25.0
2003-05-08,GDW,5.26
2003-05-14,CFC,81.82
2003-05-15,KMG,25.0
2003-05-16,ATI,7.89
2003-05-29,VIAV,8.41
2003-06-04,SANM,11.49
2003-06-05,CIN,17.65
2003-06-06,MCD,5.56
2003-06-18,CIN,8.77
2003-06-24,CIN,11.11
2003-06-25,CIN,11.11
2003-06-26,FBF,110.0
2003-07-09,CIEN,15.28
2003-07-15,EP,10.0
2003-07-16,CIN,9.89
2003-07-17,CIN,9.89
2003-07-18,HAL,7.94
2003-07-21,TT,4.02
2003-07-29,VMC,5.43
2003-08-04,TLAB,5.1
2003-08-05,EP,28.57
2003-08-06,SLR,10.39
2003-08-18,TXN,8.29
2003-08-20,GDW,55.56
2003-08-21,VIAV,7.69
2003-08-22,CBE,20.0
2003-08-25,CBE,16.67
2003-08-26,FCX,4.87
2003-09-08,EP,15.38
2003-09-12,FE,5.68
2003-09-15,CBE,33.33
2003-09-16,EP,16.67
2003-09-26,SLR,7.78
2003-09-29,EP,16.13
2003-09-30,CFC,7.78
2003-10-02,GDW,47.37
2003-10-03,TLAB,8.83
2003-10-06,CBE,20.0
2003-10-16,GDW,6.67
2003-10-22,CBE,20.0
2003-10-23,GT,11.53
2003-10-24,CBE,83.33
2003-11-05,CBE,8.33
2003-11-11,BLS,34.62
2003-11-12,GDW,42.86
2003-11-13,KMG,8.73
2003-11-14,EP,9.09
2003-11-17,BOL,12.4
2003-11-25,BLS,20.0
2003-12-02,GDW,22.22
2003-12-03,GT,8.2
2003-12-04,CBE,13.04
2003-12-16,EP,25.0
2003-12-22,SVU,10.08
2003-12-23,GT,5.43
2003-12-24,CFC,4.17
2004-01-07,PTC,8.1
2004-01-13,CBE,9.8
2004-01-14,HRB,3.84
2004-01-15,SLR,12.0
2004-01-28,CFC,9.35
2004-02-03,BDX,4.44
2004-02-04,CBE,3.64
2004-02-05,UNM,6.65
2004-02-18,BLS,11.43
2004-02-24,EP,25.0
2004-02-25,CBE,27.17
2004-02-26,PHM,6.69
2004-02-27,AES,13.25
2004-03-01,X,5.61
2004-03-09,EP,4.76
2004-03-15,AET,3.07
2004-03-16,GDW,33.33
2004-03-17,ATI,9.43
2004-03-25,EP,8.7
2004-03-26,CBE,5.21
2004-03-29,CBE,8.33
2004-04-01,BLS,6.67
2004-04-02,EP,30.43
2004-04-05,THC,6.94
2004-04-06,CBE,5.22
2004-04-07,PTC,3.41
2004-04-08,BLS,3.57
2004-04-19,EP,15.38
2004-04-23,SLR,5.56
2004-04-26,BLS,8.0
2004-04-27,TROW,3.49
2004-04-28,CBE,25.0
2004-04-29,CBE,19.48
2004-04-30,CBE,7.5
2004-05-03,EOG,5.46
2004-05-04,EP,7.69
2004-05-07,CBE,16.44
2004-05-13,NTAP,5.79
2004-05-14,SLR,4.62
2004-05-17,SLR,10.77
2004-05-27,CBE,8.82
2004-06-03,EA,1.92
2004-06-04,BLS,8.7
2004-06-07,SLR,9.68
2004-06-18,EP,25.0
2004-06-24,EP,9.09
2004-06-25,EP,8.7
2004-06-28,ATI,8.73
2004-07-01,ODP,3.21
2004-07-02,NBR,3.32
2004-07-09,PTC,4.25
2004-07-15,EP,20.69
2004-07-16,BSX,6.7
2004-07-19,SFA,6.43
2004-07-29,CBE,14.29
2004-08-03,SLR,3.57
2004-08-04,BLS,7.27
2004-08-05,CBE,9.59
2004-08-06,AZO,3.16
2004-08-10,SLR,10.69
2004-08-18,CIEN,7.78
2004-08-24,EP,9.52
2004-08-25,GLK,30.43
2004-08-26,GLK,22.22
2004-09-01,AAPL,4.55
2004-09-02,GDW,25.0
2004-09-08,UVN,11.11
2004-09-14,UVN,31.82
2004-09-15,UVN,9.43
2004-09-16,UVN,26.67
2004-09-28,UVN,5.95
2004-10-04,X,6.23
2004-10-05,CBE,6.74
2004-10-06,DHR,5.07
2004-10-18,CBE,10.84
2004-10-22,MMC,5.22
2004-10-25,UVN,33.33
2004-10-26,EP,11.11
2004-10-27,GLK,9.09
2004-10-28,AAPL,4.42
2004-11-01,EP,11.11
2004-11-02,CCU,4.21
2004-11-05,DDS,8.81
2004-11-11,MOLX,5.05
2004-11-12,UVN,14.29
2004-11-15,SFA,7.95
2004-11-26,EP,12.5
2004-12-01,CFC,9.09
2004-12-02,EP,42.86
2004-12-03,THC,6.46
2004-12-06,SLR,7.18
2004-12-07,CBE,14.74
2004-12-08,UVN,8.11
2004-12-16,UVN,33.33
2004-12-20,GDW,6.67
2004-12-21,UVN,13.24
2004-12-22,CIEN,13.88
2004-12-23,CIEN,6.11
2004-12-27,BOL,28.46
2004-12-29,EP,6.67
2004-12-30,EP,6.67
2005-01-06,GDW,7.69
2005-01-12,CBE,11.76
2005-01-13,UVN,21.21
2005-01-14,UVN,15.0
2005-01-27,NVDA,7.81
2005-02-02,UVN,6.12
2005-02-03,KMG,12.43
2005-02-04,FLR,6.38
2005-02-16,GDW,10.0
2005-02-23,CBE,6.41
2005-02-24,UVN,11.11
2005-02-25,SFA,12.81
2005-03-09,UVN,12.0
2005-03-14,DDS,3.98
2005-03-15,CMVT,5.62
2005-03-16,BLS,5.56
2005-03-17,GLK,11.11
2005-03-21,UVN,25.0
2005-03-28,CBE,9.84
2005-03-29,HPQ,10.06
2005-03-30,CBE,12.73
2005-04-05,KMG,7.54
2005-04-06,VLO,6.33
2005-04-07,UIS,5.04
2005-04-19,UVN,15.38
2005-04-25,IGT,3.63
2005-04-26,CBE,8.06
2005-04-27,PTC,9.15
2005-05-09,EP,31.15
2005-05-13,KMG,4.49
2005-05-16,SFA,6.64
2005-05-17,UVN,6.67
2005-05-27,GDW,10.0
2005-06-03,GDW,11.11
2005-06-06,BLS,6.94
2005-06-10,EP,15.38
2005-06-16,CBE,16.36
2005-06-17,KMG,9.22
2005-06-20,IPG,5.1
2005-06-30,KMG,6.96
2005-07-05,CIEN,9.62
2005-07-06,SCHW,4.9
2005-07-07,KMG,14.08
2005-07-08,CBE,6.52
2005-07-11,SLR,12.28
2005-07-21,KMG,6.15
2005-07-22,KMG,6.3
2005-07-25,WHR,6.07
2005-07-27,UVN,28.15
2005-07-28,FLR,6.51
2005-07-29,UVN,7.38
2005-08-10,SFA,8.25
2005-08-11,CBE,5.77
2005-08-12,BLS,10.0
2005-08-15,UVN,11.19
2005-08-16,BLS,10.47
2005-08-17,HPQ,4.4
2005-08-18,CMS,4.0
2005-08-19,BLS,5.49
2005-08-22,NEE,3.09
2005-08-29,CBE,6.67
2005-08-30,SLR,8.55
2005-08-31,EP,20.0
2005-09-01,HES,4.82
2005-09-06,BLS,6.8
2005-09-07,EP,6.67
2005-09-08,CBE,5.0
2005-09-20,CIEN,5.14
2005-09-26,CIEN,7.49
2005-09-27,VIAV,3.81
2005-09-28,CBE,11.9
2005-10-03,GDW,11.11
2005-10-04,UVN,11.11
2005-10-05,GDW,10.0
2005-10-10,EP,8.33
2005-10-11,CBE,3.23
2005-10-12,CBE,3.3
2005-10-14,BLS,6.41
2005-10-17,CBE,8.54
2005-10-18,FITB,4.19
2005-10-28,ADM,5.65
2005-11-03,VIAV,7.14
2005-11-04,SANM,6.52
2005-11-07,KMG,21.23
2005-11-17,CBE,14.52
2005-11-21,X,5.09
2005-11-22,VIAV,6.7
2005-11-23,ACS,13.04
2005-11-25,UVN,7.75
2005-11-28,CBE,9.09
2005-12-02,UVN,7.2
2005-12-05,GDW,16.67
2005-12-08,BIIB,4.9
2005-12-14,GDW,16.67
2005-12-15,EP,13.04
2005-12-16,EP,28.57
2005-12-20,PBG,5.72
2005-12-21,CBE,16.22
2005-12-29,EP,36.36
2006-01-03,NOV,7.86
2006-01-04,OMX,6.11
2006-01-05,UVN,10.0
2006-01-06,CBE,9.09
2006-01-09,GDW,12.5
2006-01-10,GDW,11.11
2006-01-11,CBE,8.11
2006-01-20,GDW,12.5
2006-01-26,BLS,19.23
2006-01-27,EP,10.53
2006-01-30,EP,7.5
2006-02-01,TRB,12.0
2006-02-02,SBUX,3.77
2006-02-09,CBE,16.13
2006-02-15,BLS,5.33
2006-02-16,BLS,10.39
2006-02-17,BSC,12.0
2006-02-27,BLS,14.0
2006-02-28,BOL,34.88
2006-03-02,CIEN,12.62
2006-03-03,CBE,5.05
2006-03-06,CBE,10.42
2006-03-08,VIAV,8.38
2006-03-09,CBE,6.38
2006-03-10,ATI,4.48
2006-03-22,UVN,10.4
2006-03-28,BLS,6.45
2006-03-29,BLS,12.24
2006-03-30,CBE,4.44
2006-04-03,GDW,36.36
2006-04-04,EP,20.0
2006-04-11,ESRX,3.61
2006-04-18,KBH,6.93
2006-04-19,KMG,6.11
2006-04-20,BSC,23.08
2006-04-21,BLS,7.77
2006-04-24,PEG,4.92
2006-04-25,BRL,20.0
2006-05-02,UVN,19.09
2006-05-08,ASN,15.38
2006-05-09,ASN,24.36
2006-05-10,EP,16.67
2006-05-18,CBE,5.77
2006-05-19,BLS,10.13
2006-05-22,INTU,3.33
2006-05-26,UVN,4.76
2006-05-30,BSC,3.57
2006-05-31,CIEN,11.98
2006-06-02,WBA,3.77
2006-06-05,TRB,53.45
2006-06-06,BSC,3.7
2006-06-07,GDW,6.9
2006-06-12,UVN,12.22
2006-06-16,CCL,7.06
2006-06-19,CBE,7.5
2006-06-20,ASN,11.11
2006-06-28,GDW,6.82
2006-06-29,UVN,11.49
2006-06-30,CIEN,6.89
2006-07-07,EP,25.0
2006-07-10,SLR,5.96
2006-07-11,KMG,9.33
2006-07-18,VIAV,6.28
2006-07-19,ATI,6.33
2006-07-21,ZBH,4.41
2006-07-27,SLR,4.61
2006-07-28,NVDA,7.59
2006-07-31,CNX,7.61
2006-08-01,VMC,6.76
2006-08-02,UVN,14.13
2006-08-10,THC,11.09
2006-08-11,WBD,5.33
2006-08-14,KIM,6.97
2006-08-16,GDW,7.41
2006-08-17,BSC,6.71
2006-08-18,BLS,8.0
2006-08-30,SLR,4.05
2006-09-06,CBE,2.78
2006-09-07,KBH,4.5
2006-09-08,EFX,6.26
2006-09-20,UVN,7.69
2006-09-26,GR,11.67
2006-09-27,GDW,21.21
2006-09-28,GDW,17.5
2006-10-02,WU,2.92
2006-10-03,SANM,5.43
2006-10-09,NVDA,6.68
2006-10-10,CNX,8.45
2006-10-11,GR,5.36
2006-10-23,EBAY,5.13
2006-10-27,BSC,10.34
2006-10-30,UVN,8.24
2006-10-31,NVDA,4.12
2006-11-06,JNPR,5.29
2006-11-07,GR,10.34
2006-11-10,ESRX,4.35
2006-11-13,NVDA,4.32
2006-11-14,EP,31.25
2006-11-16,NTAP,5.27
2006-11-17,X,6.28
2006-11-20,NBR,5.45
2006-11-21,DE,10.11
2006-11-22,VIAV,5.73
2006-12-01,ASN,13.4
2006-12-04,NUE,6.63
2006-12-05,UNP,3.73
2006-12-07,SLR,5.73
2006-12-08,EP,15.38
2006-12-11,EP,14.29
2006-12-20,BOL,5.0
2006-12-21,GR,7.69
2006-12-26,CPWR,13.64
2006-12-28,EP,27.78
2006-12-29,UVN,9.26
2007-01-03,ASN,23.76
2007-01-04,ASN,15.84
2007-01-05,MSI,4.87
2007-01-10,GR,11.67
2007-01-11,GLW,6.0
2007-01-16,ASN,9.09
2007-01-22,BOL,4.92
2007-01-23,UVN,17.19
2007-01-24,ATI,8.53
2007-02-01,WU,6.56
2007-02-02,BRL,18.52
2007-02-05,GR,9.76
2007-02-07,PLD,4.41
2007-02-09,PEP,2.16
2007-02-12,EP,25.0
2007-02-13,UVN,5.04
2007-02-14,CSX,6.99
2007-02-15,CPWR,26.25
2007-02-16,BRL,7.69
2007-02-22,CNX,5.7
2007-02-23,INTU,4.27
2007-02-26,GR,166.67
2007-03-02,GT,3.94
2007-03-05,ASN,5.26
2007-03-06,ASN,9.02
2007-03-07,BSC,24.46
2007-03-08,BSC,59.09
2007-03-16,PBG,6.65
2007-03-20,JNPR,3.59
2007-03-21,ASN,8.49
2007-03-22,ACS,10.5
2007-03-23,EP,20.0
2007-03-26,TIN,4.49
2007-03-27,LEN,3.61
2007-03-28,GR,12.31
2007-03-29,CFC,31.4
2007-03-30,HRB,3.39
2007-04-02,EP,9.52
2007-04-03,DXC,3.34
2007-04-05,CPWR,12.5
2007-04-10,NOV,3.2
2007-04-11,EP,4.55
2007-04-12,EP,9.09
2007-04-13,CPWR,24.0
2007-04-16,BRL,5.71
2007-04-26,CPWR,17.65
2007-05-02,JNY,5.72
2007-05-03,EP,9.09
2007-05-04,OMX,7.68
2007-05-16,BSC,7.69
2007-05-22,GR,6.45
2007-05-23,EP,10.0
2007-05-24,BRL,6.25
2007-05-31,CIEN,6.16
2007-06-01,KR,3.46
2007-06-04,CTAS,4.0
2007-06-06,GR,11.11
2007-06-12,TIN,5.79
2007-06-13,AVB,6.12
2007-06-14,PGR,6.65
2007-06-26,EP,5.26
2007-07-02,SCHW,6.8
2007-07-03,EP,10.0
2007-07-05,DGX,6.59
2007-07-06,TGT,6.07
2007-07-09,CMI,7.59
2007-07-10,JBL,5.33
2007-07-12,BRL,6.82
2007-07-13,CPWR,8.33
2007-07-17,KLAC,8.12
2007-07-23,TEL,10.85
2007-07-24,BSC,7.48
2007-07-25,CPWR,31.58
2007-08-06,MBI,10.61
2007-08-10,WEN,17.81
2007-08-13,DXC,8.4
2007-08-14,BSC,11.04
2007-08-24,GR,22.92
2007-08-27,ASN,5.88
2007-08-28,BRL,7.14
2007-08-30,HRB,7.24
2007-08-31,CPWR,5.26
2007-09-04,WU,7.37
2007-09-07,FNMA,3.46
2007-09-10,ACS,6.25
2007-09-14,DHI,6.38
2007-09-20,JBL,3.05
2007-09-21,WU,7.02
2007-09-24,WU,4.6
2007-09-25,BOL,24.0
2007-09-26,CME,4.15
2007-09-27,MCO,5.69
2007-09-28,BRL,18.64
2007-10-01,HAS,7.04
2007-10-02,WEN,10.38
2007-10-03,BRL,24.29
2007-10-04,TRB,4.55
2007-10-08,AKAM,8.37
2007-10-09,BEN,5.88
2007-10-10,ANDV,8.55
2007-10-11,GR,9.09
2007-10-12,GR,5.36
2007-10-15,BOL,20.0
2007-10-16,BRL,8.97
2007-10-24,PCAR,5.58
2007-10-25,GR,33.33
2007-10-26,CNX,5.27
2007-10-29,TRB,16.67
2007-10-30,GT,5.08
2007-10-31,NEM,7.38
2007-11-01,AIZ,3.85
2007-11-05,MTG,11.65
2007-11-09,MTG,20.0
2007-11-12,LUV,8.46
2007-11-13,MBI,12.23
2007-11-16,VRSN,7.8
2007-11-19,VRSN,4.74
2007-11-20,BRL,10.91
2007-11-21,BRL,9.09
2007-11-23,GR,23.08
2007-11-26,VRSN,2.95
2007-12-04,AZO,10.44
2007-12-10,MBI,12.64
2007-12-11,HRB,3.76
2007-12-12,CFC,11.54
2007-12-14,ANDV,6.12
2007-12-17,SLM,5.05
2007-12-21,KEY,11.5
2007-12-24,SLM,9.42
2007-12-27,BRL,8.86
2007-12-31,EP,66.67
2008-01-02,NEM,5.33
2008-01-03,EP,5.0
2008-01-04,NEE,3.54
2008-01-07,CPWR,140.0
2008-01-15,WU,4.59
2008-01-22,MBI,31.34
2008-01-23,MBI,40.64
2008-01-24,CNX,10.42
2008-01-29,UIS,10.31
2008-01-30,RHI,9.73
2008-02-05,WHR,6.42
2008-02-11,VIAV,11.58
2008-02-12,BSC,5.26
2008-02-13,JNY,7.19
2008-02-19,BSC,9.41
2008-02-25,MBI,17.58
2008-02-26,LEN,10.74
2008-02-27,JNPR,7.64
2008-03-10,PBG,2.88
2008-03-14,GME,1.55
2008-03-17,MTG,11.64
2008-03-18,FNMA,19.58
2008-03-31,CPWR,10.0
2008-04-01,FNMA,12.5
2008-04-02,DDS,19.57
2008-04-04,ATI,15.26
2008-04-07,WBD,4.69
2008-04-08,CNX,6.41
2008-04-18,SLB,9.22
2008-04-24,TROW,11.12
2008-04-25,FNMA,8.64
2008-04-28,THC,7.72
2008-05-08,WBD,8.24
2008-05-14,PHM,6.66
2008-05-15,NVDA,7.99
2008-05-16,VMC,5.56
2008-05-29,BRL,13.51
2008-06-02,ANDV,9.28
2008-06-03,SHW,5.41
2008-06-04,SPGI,6.66
2008-06-05,BRL,13.51
2008-06-06,BAX,1.69
2008-06-09,APA,4.82
2008-06-10,KG,10.23
2008-06-11,SGP,11.35
2008-06-12,MBI,6.63
2008-06-18,MS,7.42
2008-06-23,BRL,38.89
2008-06-24,KBH,7.56
2008-06-25,ASH,6.19
2008-06-26,EP,46.34
2008-06-30,MBI,7.07
2008-07-01,MAS,10.28
2008-07-02,DTE,3.67
2008-07-09,PNW,3.51
2008-07-15,MBI,13.95
2008-07-16,FHN,27.99
2008-07-17,EP,50.0
2008-07-18,BMS,9.4
2008-07-21,TIE,10.08
2008-07-29,MTG,18.29
2008-07-31,MBI,9.81
2008-08-01,MBI,17.64
2008-08-04,MTG,7.92
2008-08-05,BRL,20.0
2008-08-06,ANDV,11.05
2008-08-18,MBI,5.63
2008-08-21,FNMA,21.55
2008-08-22,HBAN,5.63
2008-08-25,FMCC,25.57
2008-08-26,FMCC,14.41
2008-08-27,KBH,10.51
2008-08-28,MBI,12.78
2008-09-08,ZION,7.82
2008-09-11,AIG,11.78
2008-09-12,ZION,11.91
2008-09-15,MMC,6.66
2008-09-16,AIG,102.7
2008-09-17,CPWR,25.0
2008-09-18,MTG,59.93
2008-09-22,BRL,12.5
2008-09-23,VMC,5.32
2008-09-24,LEN,13.62
2008-09-25,TSN,13.32
2008-09-26,JPM,18.96
2008-09-30,GNW,37.76
2008-10-01,MTG,23.79
2008-10-02,RF,7.73
2008-10-03,HBAN,7.2
2008-10-06,AIV,18.28
2008-10-07,CVG,3.85
2008-10-08,GT,24.61
2008-10-16,MBI,29.68
2008-10-22,JBL,14.02
2008-10-23,AMZN,16.02
2008-10-24,PNC,38.51
2008-10-27,HBAN,14.77
2008-10-28,IPG,37.47
2008-10-31,EP,40.0
2008-11-03,HIG,41.57
2008-11-05,CPWR,20.0
2008-11-06,SGP,6.44
2008-11-07,AES,23.98
2008-11-11,GS,7.67
2008-11-12,AES,5.76
2008-11-13,GNW,36.61
2008-11-14,HIG,27.14
2008-11-17,PLD,15.15
2008-11-18,FHN,9.34
2008-11-19,GLW,4.72
2008-11-20,IPG,15.73
2008-11-24,GNW,63.46
2008-11-25,LNC,37.79
2008-11-28,LNC,19.91
2008-12-02,KG,15.93
2008-12-03,PLD,21.83
2008-12-04,ODP,16.04
2008-12-05,HIG,56.88
2008-12-08,DDR,27.31
2008-12-16,PLD,23.04
2008-12-19,DDR,11.56
2008-12-22,NWL,4.88
2008-12-23,EP,15.38
2008-12-24,MU,17.73
2008-12-26,JNY,28.31
2008-12-29,HES,4.5
2009-01-02,ACS,15.45
2009-01-05,KG,21.47
2009-01-06,DDR,30.69
2009-01-07,CIEN,9.44
2009-01-09,EP,66.67
2009-01-13,DDR,17.54
2009-01-14,EP,11.11
2009-01-15,LHX,8.91
2009-01-28,GR,25.0
2009-01-30,BA,3.8
2009-02-02,VIAV,14.0
2009-02-03,DHI,15.76
2009-02-04,CBRE,10.34
2009-02-05,HBAN,19.33
2009-02-18,GT,9.06
2009-02-24,COF,30.0
2009-02-25,FITB,38.57
2009-02-26,USB,12.11
2009-02-27,FITB,16.57
2009-03-02,RF,12.26
2009-03-04,GR,23.81
2009-03-05,EP,9.09
2009-03-10,ODP,39.39
2009-03-16,GR,58.62
2009-03-17,DDR,18.28
2009-03-18,AIG,38.0
2009-03-19,CLF,8.6
2009-03-20,EP,30.0
2009-03-27,CPWR,18.18
2009-03-30,HUM,5.06
2009-03-31,HIG,11.35
2009-04-01,VIAV,17.55
2009-04-02,GR,44.0
2009-04-03,PFG,18.58
2009-04-06,F,15.29
2009-04-07,EP,27.27
2009-04-09,TGNA,31.58
2009-04-20,ORCL,5.97
2009-04-24,MAS,14.4
2009-04-27,AN,6.54
2009-04-28,HST,10.4
2009-05-08,GNW,29.73
2009-05-14,GNW,27.62
2009-05-15,EA,5.41
2009-05-18,ZION,11.45
2009-05-29,GNW,12.76
2009-06-03,AET,5.18
2009-06-04,KEY,14.35
2009-06-05,ACS,50.0
2009-06-08,CPWR,8.33
2009-06-09,ACS,7.69
2009-06-10,CBRE,8.82
2009-06-18,ACS,9.09
2009-06-24,ACS,8.33
2009-06-25,LEN,12.76
2009-06-26,AIV,5.17
2009-06-29,SGP,13.56
2009-06-30,SGP,11.11
2009-07-01,KG,6.32
2009-07-02,ACS,8.33
2009-07-09,KBH,6.78
2009-07-15,AXP,9.67
2009-07-16,HOG,12.86
2009-07-17,AIG,7.39
2009-07-27,NYT,15.07
2009-07-28,TXT,15.51
2009-07-29,ACS,9.09
2009-08-04,MBI,29.21
2009-08-05,AIG,61.29
2009-08-06,ANF,5.74
2009-08-17,ACS,6.67
2009-08-18,CIEN,7.83
2009-08-19,AIG,10.82
2009-08-20,AIG,17.88
2009-08-21,PFG,5.48
2009-08-31,GNW,9.43
2009-09-01,KG,2.12
2009-09-02,AIG,10.8
2009-09-04,THC,6.65
2009-09-08,AMD,12.83
2009-09-09,EP,25.0
2009-09-10,ODP,10.99
2009-09-11,TMUS,7.25
2009-09-21,AIG,23.06
2009-09-25,ISRG,6.74
2009-09-28,MBI,10.48
2009-09-29,MCO,10.05
2009-10-09,ACS,7.69
2009-10-15,HOG,11.07
2009-10-16,LHX,7.15
2009-10-19,MSI,6.27
2009-10-20,ANDV,6.28
2009-10-21,SLM,6.87
2009-10-29,ODP,13.16
2009-11-04,PHM,4.71
2009-11-05,ACS,7.69
2009-11-06,MBI,6.88
2009-11-09,HST,7.2
2009-11-10,EP,5.26
2009-11-18,MBI,10.72
2009-11-24,GR,10.0
2009-11-25,GR,9.52
2009-11-27,GR,10.0
2009-12-09,ATGE,5.69
2009-12-15,FLR,7.38
2009-12-16,NYT,6.59
2009-12-17,WHR,2.99
2009-12-21,ACS,10.0
2009-12-22,AIG,10.62
2009-12-23,CNX,5.95
2009-12-24,EP,14.29
2009-12-30,NYT,4.38
2010-01-06,ZION,9.73
2010-01-07,HBAN,11.43
2010-01-08,X,7.4
2010-01-21,EP,8.33
2010-01-27,IVZ,6.01
2010-01-28,GR,16.67
2010-01-29,THC,5.73
2010-02-01,NVDA,7.25
2010-02-02,GR,20.0
2010-02-08,LEN,4.34
2010-02-09,EP,12.5
2010-02-10,AIG,15.98
2010-02-16,EP,25.0
2010-02-17,EP,15.38
2010-02-18,EP,20.0
2010-02-19,GR,38.46
2010-02-23,GR,44.44
2010-02-26,GR,15.38
2010-03-01,EP,22.22
2010-03-02,EP,10.0
2010-03-03,EP,14.29
2010-03-09,AIG,15.43
2010-03-10,EP,10.0
2010-03-11,EP,10.0
2010-03-15,THC,7.3
2010-03-16,GR,14.29
2010-03-23,KG,6.45
2010-03-29,EP,15.79
2010-03-30,FTI,2.91
2010-03-31,GR,11.11
2010-04-13,GT,7.31
2010-04-19,EP,10.0
2010-04-20,RF,6.67
2010-04-21,GR,11.94
2010-04-29,LHX,7.91
2010-04-30,HAL,3.2
2010-05-03,COF,5.49
2010-05-05,CLF,11.02
2010-05-07,PCG,15.09
2010-05-10,EP,26.67
2010-05-11,EP,33.33
2010-05-21,CRM,12.58
2010-05-27,NTAP,7.73
2010-05-28,EP,22.22
2010-06-01,EP,37.5
2010-06-11,CRM,6.8
2010-06-17,MTB,7.66
2010-06-18,BSX,3.09
2010-06-21,CPWR,50.0
2010-06-28,EP,36.36
2010-06-29,EP,20.0
2010-07-01,EP,20.0
2010-07-02,GR,4.35
2010-07-06,JCI,2.8
2010-07-08,EP,12.5
2010-07-09,AES,5.79
2010-07-12,MAT,4.88
2010-07-15,THC,3.94
2010-07-16,TLAB,1.75
2010-07-22,MEE,11.2
2010-07-28,GR,11.11
2010-07-29,TIE,4.08
2010-07-30,SWK,6.07
2010-08-11,M,4.59
2010-08-17,EP,25.0
2010-08-18,MEE,15.16
2010-08-19,NTAP,5.91
2010-08-27,GR,12.5
2010-08-30,EP,10.0
2010-08-31,TIE,4.88
2010-09-07,MEE,15.48
2010-09-08,NYT,6.75
2010-09-09,EP,18.18
2010-09-21,NVDA,6.01
2010-09-27,LUV,8.27
2010-09-28,BSX,7.11
2010-09-29,AMD,5.97
2010-10-11,WYNN,6.75
2010-10-15,DXC,4.26
2010-10-18,WFC,4.98
2010-10-19,EP,15.7
2010-10-29,X,5.98
2010-11-04,GR,8.7
2010-11-05,BK,6.38
2010-11-08,HAL,4.93
2010-11-17,GR,6.67
2010-11-18,HAL,5.06
2010-11-22,MEE,17.1
2010-11-24,ANDV,4.69
2010-11-26,EP,30.0
2010-11-29,GR,14.0
2010-12-09,AIG,12.58
2010-12-15,VRSN,4.28
2010-12-16,MSI,4.72
2010-12-17,ATI,6.51
2010-12-20,MEE,4.89
2010-12-21,AMP,4.21
2010-12-29,CNX,3.13
2010-12-30,EP,9.37
2010-12-31,NVDA,2.67
2011-01-04,GR,8.33
2011-01-05,AIG,7.95
2011-01-12,NVDA,14.91
2011-01-18,EP,41.03
2011-01-19,TIE,2.09
2011-01-20,SLM,7.21
2011-01-21,WY,3.12
2011-01-25,EP,25.0
2011-02-02,TGNA,7.34
2011-02-08,EP,9.09
2011-02-09,NDAQ,6.24
2011-02-10,GT,10.08
2011-02-23,PWR,8.17
2011-02-28,EIX,5.28
2011-03-01,BIIB,2.59
2011-03-02,EP,5.26
2011-03-03,TDC,6.2
2011-03-04,VIAV,9.04
2011-03-07,ICE,3.25
2011-03-15,FCX,9.43
2011-03-21,EP,25.0
2011-03-22,AMT,3.57
2011-03-23,IRM,5.6
2011-04-01,GR,11.11
2011-04-04,IRM,3.18
2011-04-05,ANF,11.15
2011-04-06,TIE,4.76
2011-04-08,SVU,3.52
2011-04-11,KDP,4.26
2011-04-12,JCI,7.43
2011-04-25,TIE,5.31
2011-04-28,MEE,17.59
2011-04-29,OXY,7.79
2011-05-02,GILD,4.1
2011-05-03,TMUS,5.95
2011-05-05,CCL,5.98
2011-05-13,MEE,17.39
2011-05-19,GME,7.35
2011-05-20,GR,6.25
2011-05-23,CF,6.0
2011-06-02,GNW,3.76
2011-06-03,NOV,2.99
2011-06-06,EP,9.09
2011-06-07,EP,20.0
2011-06-09,IPG,6.16
2011-06-10,FSLR,3.24
2011-06-13,TIE,4.17
2011-06-23,WDC,8.34
2011-06-29,V,14.03
2011-06-30,NTAP,4.81
2011-07-01,DRI,5.96
2011-07-05,NFLX,4.94
2011-07-06,URBN,5.6
2011-07-07,KLAC,5.4
2011-07-14,GR,6.67
2011-07-20,TXT,4.98
2011-07-21,FLS,5.57
2011-07-22,AMD,9.31
2011-08-03,MA,8.41
2011-08-09,EP,25.0
2011-08-10,GR,4.17
2011-08-11,GNW,10.33
2011-08-23,EP,33.33
2011-08-29,HIG,9.35
2011-08-30,EP,25.0
2011-08-31,CBRE,3.2
2011-09-13,OI,5.29
2011-09-19,RRC,6.76
2011-09-20,EP,25.0
2011-09-21,HPQ,6.2
2011-09-26,CNX,7.09
2011-09-27,GR,7.14
2011-10-03,GR,4.0
2011-10-07,KLAC,3.36
2011-10-10,JBL,6.33
2011-10-11,C,6.99
2011-10-14,ANDV,5.04
2011-10-17,HAS,4.29
2011-10-18,EP,25.0
2011-10-21,APH,6.41
2011-10-27,FSLR,9.68
2011-10-28,X,12.52
2011-10-31,ADBE,3.27
2011-11-01,EXPE,6.87
2011-11-02,TMUS,8.89
2011-11-10,CTRA,4.9
2011-11-16,MU,23.67
2011-11-17,FSLR,3.66
2011-11-18,CME,3.25
2011-11-23,WBA,4.46
2011-11-25,GHC,3.01
2011-12-01,NFLX,4.27
2011-12-07,MU,7.83
2011-12-08,JWN,1.37
2011-12-09,GR,9.52
2011-12-12,EP,25.0
2011-12-13,LLY,1.54
2011-12-14,PGR,3.45
2011-12-19,TIE,1.43
2011-12-20,PHM,6.75
2011-12-21,WBA,6.21
2011-12-22,AKAM,15.02
2011-12-23,TIE,5.88
2011-12-28,EP,8.7
2011-12-29,EP,14.29
2011-12-30,TMUS,5.6
2012-01-03,GR,6.67
2012-01-04,NFLX,11.2
2012-01-12,J,5.08
2012-01-19,NTAP,6.84
2012-01-20,HBAN,4.04
2012-01-23,RRC,5.41
2012-02-02,CME,6.57
2012-02-08,MCO,10.88
2012-02-09,EFX,6.83
2012-02-10,GR,6.25
2012-02-23,TMUS,6.27
2012-02-29,PHM,6.39
2012-03-01,TMUS,5.53
2012-03-02,IGT,5.42
2012-03-13,CBRE,6.63
2012-03-14,X,4.04
2012-03-16,TRIP,4.58
2012-03-20,AMZN,4.03
2012-03-21,EXPD,3.98
2012-03-22,GR,10.53
2012-04-02,GR,21.74
2012-04-03,BKNG,3.11
2012-04-04,AIG,4.47
2012-04-05,GR,17.39
2012-04-10,EP,59.09
2012-04-11,PHM,6.2
2012-04-12,X,6.76
2012-04-24,JNPR,7.13
2012-04-30,EXPE,6.41
2012-05-01,GR,11.11
2012-05-02,MAS,4.68
2012-05-03,TDC,4.27
2012-05-04,GR,10.53
2012-05-07,TSN,5.25
2012-05-11,NFLX,6.16
2012-05-14,GME,3.62
2012-05-15,TJX,6.52
2012-05-22,GR,10.53
2012-05-23,TRIP,6.97
2012-05-25,TIE,6.72
2012-05-29,AMD,3.69
2012-05-30,AAPL,1.75
2012-06-01,GR,8.33
2012-06-04,FSLR,3.8
2012-06-05,LEN,6.9
2012-06-06,MS,5.93
2012-06-07,GR,8.33
2012-06-15,GR,9.52
2012-06-21,TIE,3.45
2012-06-22,GR,11.11
2012-06-25,STZ,6.53
2012-06-29,FOSL,5.69
2012-07-02,STZ,7.74
2012-07-03,EOG,5.43
2012-07-06,WDC,2.92
2012-07-12,FAST,6.39
2012-07-13,GR,10.53
2012-07-16,FSLR,5.27
2012-07-26,TMUS,18.98
2012-07-27,THC,8.8
2012-07-30,LUV,3.16
2012-07-31,FSLR,8.52
2012-08-01,HUM,4.27
2012-08-02,ANDV,9.66
2012-08-03,IPG,11.71
2012-08-07,FOSL,8.93
2012-08-15,FSLR,7.87
2012-08-21,BBY,9.34
2012-08-22,GAS,5.19
2012-08-23,EXPE,1.79
2012-09-05,COL,12.5
2012-09-06,OI,7.75
2012-09-07,CLF,10.37
2012-09-11,AMD,6.53
2012-09-12,VMC,9.86
2012-09-13,CBRE,6.64
2012-09-25,GAS,1.53
2012-10-01,TSN,3.79
2012-10-02,TMUS,16.88
2012-10-03,COL,36.36
2012-10-04,COL,8.7
2012-10-05,GME,2.62
2012-10-08,CLF,6.06
2012-10-15,TIE,5.88
2012-10-19,COF,2.79
2012-10-22,NFLX,5.47
2012-10-23,HOG,8.42
2012-11-06,DXC,6.17
2012-11-12,GME,4.29
2012-11-13,AMD,5.56
2012-11-14,ANF,4.62
2012-11-27,MNST,13.32
2012-12-03,COL,19.05
2012-12-04,COL,23.81
2012-12-05,MCO,7.92
2012-12-06,GNW,5.6
2012-12-07,TIE,4.35
2012-12-12,NFLX,5.17
2012-12-13,JNPR,2.22
2012-12-17,PHM,5.07
2012-12-21,AMD,11.16
2012-12-24,F,6.26
2012-12-26,F,3.9
2012-12-27,COL,22.22
2012-12-28,F,2.55
2013-01-02,LRCX,4.62
2013-01-03,FSLR,5.55
2013-01-08,WBD,3.32
2013-01-14,BBY,3.43
2013-01-15,STZ,4.18
2013-01-16,CMG,5.17
2013-01-29,DHI,7.1
2013-02-04,NFLX,7.35
2013-02-05,GME,5.97
2013-02-06,CMG,5.72
2013-02-14,FSLR,8.35
2013-02-15,COL,8.33
2013-02-19,SEE,8.41
2013-02-25,COL,4.55
2013-02-26,ECL,4.88
2013-02-27,AES,5.15
2013-03-11,STX,3.16
2013-03-15,NBR,3.36
2013-03-18,JNPR,5.92
2013-03-19,HAR,5.26
2013-04-01,HUM,8.19
2013-04-05,NBR,6.91
2013-04-08,COL,20.0
2013-04-09,FSLR,44.99
2013-04-19,CMG,6.19
2013-04-25,CLF,6.29
2013-04-26,HRB,6.35
2013-04-29,VMC,3.88
2013-05-01,AMD,14.59
2013-05-02,AMD,7.91
2013-05-07,ANF,5.36
2013-05-08,EA,8.89
2013-05-09,BSX,5.46
2013-05-10,HAR,5.63
2013-05-13,COL,8.33
2013-05-15,EMN,5.18
2013-05-16,NTAP,5.23
2013-05-17,ANDV,5.78
2013-05-24,OMC,3.74
2013-05-28,TRIP,2.76
2013-05-30,COL,9.09
2013-06-05,JNPR,6.92
2013-06-06,REGN,9.53
2013-06-07,MS,4.73
2013-06-10,FSLR,5.22
2013-06-11,PVH,3.21
2013-06-19,NVDA,2.13
2013-06-24,RRC,3.87
2013-06-25,FSLR,5.78
2013-06-26,MCK,3.61
2013-06-27,HAR,12.36
2013-07-01,BBY,6.59
2013-07-02,X,8.57
2013-07-09,COL,12.5
2013-07-10,TER,4.85
2013-07-12,COL,12.5
2013-07-16,NWSA,4.87
2013-07-17,NWSA,3.45
2013-07-18,AMD,5.94
2013-07-30,PBI,9.64
2013-08-05,MU,4.89
2013-08-06,COL,12.5
2013-08-07,AMGN,7.47
2013-08-19,HAR,5.51
2013-08-23,DD,3.86
2013-08-26,INTU,4.59
2013-08-27,GT,3.04
2013-09-09,PHM,7.22
2013-09-11,NFX,6.84
2013-09-12,WBA,4.41
2013-09-13,CINF,6.74
2013-09-16,ATI,2.52
2013-09-17,COL,16.67
2013-09-23,HAR,3.57
2013-09-24,LRCX,4.83
2013-09-26,WBD,3.79
2013-09-27,TWX,2.46
2013-09-30,BSX,3.16
2013-10-10,CNX,3.66
2013-10-16,ABT,4.51
2013-10-17,COL,25.0
2013-10-18,COL,20.0
2013-10-29,X,10.69
2013-10-30,COL,30.0
2013-11-01,FSLR,6.29
2013-11-05,HST,4.66
2013-11-06,HUM,4.39
2013-11-07,COL,11.11
2013-11-13,GM,5.32
2013-11-14,IRM,7.55
2013-11-19,DVN,5.0
2013-11-25,COL,12.5
2013-11-26,LEN,4.4
2013-11-27,VLO,3.82
2013-12-02,MPC,4.26
2013-12-03,COL,11.11
2013-12-09,DVA,6.31
2013-12-10,PVH,4.89
2013-12-11,PH,3.21
2013-12-12,NFLX,2.66
2013-12-16,COL,16.67
2013-12-17,CPB,4.04
2013-12-18,COL,14.29
2013-12-23,PHM,4.67
2013-12-24,NEM,2.89
2013-12-31,COL,12.5
2014-01-07,TRIP,6.1
2014-01-08,COV,5.56
2014-01-09,DG,4.29
2014-01-22,BBY,5.73
2014-01-24,GAS,3.95
2014-01-27,COL,12.5
2014-01-28,NFLX,6.67
2014-01-29,VLO,5.28
2014-01-30,PBI,12.39
2014-02-11,SLM,5.46
2014-02-18,XRAY,6.26
2014-02-19,NBR,9.98
2014-02-20,COL,11.11
2014-03-04,COL,6.67
2014-03-10,COL,7.14
2014-03-11,MCD,2.96
2014-03-12,REGN,4.19
2014-03-24,PVH,4.43
2014-03-25,STX,3.55
2014-03-26,COL,9.09
2014-03-28,GME,8.7
2014-03-31,MU,6.1
2014-04-01,TRIP,4.74
2014-04-02,COL,30.0
2014-04-03,K,5.62
2014-04-04,BBY,2.44
2014-04-11,GILD,2.87
2014-04-17,SLM,4.51
2014-04-21,META,2.99
2014-04-22,ZION,4.26
2014-05-01,MPC,7.24
2014-05-02,MSI,4.75
2014-05-06,COL,10.0
2014-05-07,HUM,8.21
2014-05-08,EXPD,4.02
2014-05-09,GAS,6.59
2014-05-12,COL,10.0
2014-05-13,THC,2.95
2014-05-14,HAR,10.94
2014-05-22,CRM,5.93
2014-05-29,MCK,2.98
2014-05-30,COL,41.67
2014-06-02,NTAP,3.65
2014-06-12,ISRG,2.96
2014-06-18,ADSK,3.56
2014-06-19,EOG,2.35
2014-06-20,AN,2.91
2014-06-23,FCX,2.91
2014-06-24,WY,3.27
2014-07-01,REGN,6.27
2014-07-02,COL,20.0
2014-07-03,COL,9.09
2014-07-07,ADM,2.74
2014-07-09,WBD,3.12
2014-07-10,MNST,3.79
2014-07-11,AMZN,3.43
2014-07-16,CPRI,4.17
2014-07-22,COL,10.0
2014-07-23,WHR,6.09
2014-07-24,EQT,6.31
2014-08-05,FE,5.9
2014-08-07,NFLX,3.3
2014-08-08,TPR,5.04
2014-08-11,SYY,3.65
2014-08-12,FAST,1.69
2014-08-13,COL,9.09
2014-08-19,TJX,3.23
2014-08-20,LOW,4.76
2014-08-25,GILD,2.23
2014-08-29,COL,7.14
2014-09-02,UAA,3.75
2014-09-03,FSLR,2.75
2014-09-15,DRI,3.91
2014-09-19,VRTX,5.74
2014-09-22,CLX,2.56
2014-09-23,META,2.57
2014-09-24,VRTX,6.81
2014-09-25,GAS,1.9
2014-10-03,VRTX,3.06
2014-10-09,HAR,5.61
2014-10-10,WBA,2.36
2014-10-13,SO,1.89
2014-10-23,BMS,10.51
2014-10-24,DAL,3.82
2014-11-05,NRG,6.47
2014-11-06,COL,30.0
2014-11-07,DXC,5.09
2014-11-11,ZTS,8.86
2014-11-12,GNW,5.39
2014-11-13,AME,3.75
2014-11-25,COL,20.0
2014-12-02,COL,10.0
2014-12-03,COL,8.33
2014-12-04,LYB,3.69
2014-12-05,THC,6.15
2014-12-08,BBY,3.27
2014-12-16,RRC,5.09
2014-12-22,GAS,5.11
2014-12-23,ESRX,3.83
2014-12-24,NEM,3.34
2015-01-07,BIIB,4.48
2015-01-13,SPGI,4.03
2015-01-14,NFX,6.94
2015-01-15,NEM,3.66
2015-01-27,NBR,4.67
2015-01-28,EA,5.3
2015-01-30,COL,16.67
2015-02-10,MLM,15.17
2015-02-17,NBR,5.39
2015-02-18,NBR,4.91
2015-02-19,EOG,8.21
2015-03-03,WBD,4.39
2015-03-09,COL,18.18
2015-03-10,URBN,5.03
2015-03-11,NBR,5.0
2015-03-12,MAT,3.55
2015-03-13,LEG,2.76
2015-03-17,PVH,4.4
2015-03-18,NBR,7.74
2015-03-19,WYNN,4.08
2015-03-23,COL,8.33
2015-03-24,FSLR,3.58
2015-03-25,DVN,2.04
2015-03-27,INTC,6.63
2015-03-30,ADI,4.36
2015-03-31,CBRE,4.93
2015-04-07,JNPR,3.04
2015-04-08,PRGO,18.4
2015-04-13,EMR,2.6
2015-04-17,CSX,3.29
2015-04-20,HAS,5.94
2015-04-21,ATI,8.79
2015-05-01,LEG,7.92
2015-05-07,HAR,4.62
2015-05-08,HAR,5.88
2015-05-11,NWSA,3.9
2015-05-14,COL,8.33
2015-05-20,GAS,4.96
2015-05-21,DLTR,4.84
2015-05-22,COL,9.09
2015-06-04,COL,10.0
2015-06-10,DRI,2.95
2015-06-11,LLY,4.19
2015-06-12,AAL,2.18
2015-06-15,CI,12.73
2015-06-16,COL,11.11
2015-06-24,COL,11.11
2015-06-30,WYNN,2.89
2015-07-01,ANDV,4.2
2015-07-02,CNX,4.26
2015-07-06,COL,11.11
2015-07-07,WYNN,6.71
2015-07-08,INTU,1.5
2015-07-09,CI,3.06
2015-07-10,ANDV,4.56
2015-07-15,M,7.53
2015-07-20,EBAY,6.25
2015-07-21,FCX,3.08
2015-07-22,IPG,5.51
2015-07-23,EQT,6.9
2015-07-27,AMGN,3.87
2015-07-28,AMD,9.26
2015-07-29,AMD,10.73
2015-07-30,VRTX,7.43
2015-08-04,MLM,7.67
2015-08-10,FCX,15.23
2015-08-11,MPC,6.66
2015-08-12,CF,8.37
2015-08-21,COL,12.5
2015-08-24,SWKS,13.38
2015-08-25,GAS,3.47
2015-08-31,COL,14.29
2015-09-01,ALLE,2.43
2015-09-03,CPB,3.45
2015-09-04,AMD,3.41
2015-09-09,NFLX,2.77
2015-09-11,AMD,6.91
2015-09-14,ZBH,4.11
2015-09-15,RIG,5.92
2015-09-21,KMX,3.14
2015-09-22,FCX,6.22
2015-09-25,ICE,2.78
2015-10-01,PPG,8.68
2015-10-02,WYNN,14.93
2015-10-05,MAT,7.99
2015-10-08,NFLX,6.48
2015-10-09,ADSK,8.77
2015-10-15,THC,8.93
2015-10-16,COL,12.5
2015-10-28,GNW,10.02
2015-11-02,CNX,18.48
2015-11-03,CNX,10.07
2015-11-04,CPRI,6.45
2015-11-05,MLM,6.88
2015-11-09,NSC,11.26
2015-11-10,DHI,5.95
2015-11-17,URBN,9.82
2015-11-18,CNX,7.24
2015-11-19,NSC,5.27
2015-11-20,EQIX,4.08
2015-11-23,COL,14.29
2015-11-24,DLTR,7.65
2015-11-25,CNX,7.96
2015-11-30,CSRA,7.21
2015-12-01,CNX,8.67
2015-12-02,WYNN,3.38
2015-12-03,NEM,3.54
2015-12-07,NWL,7.81
2015-12-08,COL,16.67
2015-12-09,COL,14.29
2015-12-14,COL,14.29
2015-12-15,ILMN,6.04
2015-12-21,COL,16.67
2015-12-28,CSRA,5.36
2015-12-29,ROST,3.29
2015-12-30,FTI,2.1
2015-12-31,RRC,7.14
2016-01-04,CNX,9.45
2016-01-05,MAC,3.55
2016-01-06,NFLX,11.77
2016-01-12,HAR,7.69
2016-01-15,FCX,14.47
2016-01-19,HAR,4.88
2016-01-20,RRC,10.61
2016-01-21,CNX,19.84
2016-01-22,WMB,16.74
2016-01-25,AMD,5.47
2016-01-26,WMB,7.81
2016-02-01,CNX,9.82
2016-02-02,MAT,6.88
2016-02-03,NEM,10.0
2016-02-04,COL,25.0
2016-02-05,NEM,7.96
2016-02-16,FCX,9.45
2016-02-22,FCX,9.08
2016-02-23,HAR,3.45
2016-02-24,MPC,9.05
2016-02-25,NFX,5.26
2016-02-26,UHS,5.04
2016-03-03,RIG,12.81
2016-03-04,COL,40.0
2016-03-07,MUR,12.33
2016-03-08,URBN,6.34
2016-03-09,ANDV,4.22
2016-03-11,AMD,10.04
2016-03-14,COL,50.0
2016-03-15,RRC,5.36
2016-03-18,WDC,5.9
2016-03-24,FCX,7.9
2016-03-28,CSRA,6.03
2016-03-29,RRC,6.83
2016-03-30,MET,4.51
2016-03-31,DVN,5.46
2016-04-04,VRTX,3.83
2016-04-05,HAR,4.65
2016-04-08,UA,5.79
2016-04-11,NEM,5.24
2016-04-12,RRC,7.89
2016-04-14,BLK,3.47
2016-04-15,RIG,7.28
2016-04-18,HES,7.98
2016-04-19,FCX,8.49
2016-04-20,WMB,5.61
2016-04-25,STX,3.79
2016-04-26,MU,6.38
2016-04-28,VRTX,6.78
2016-05-02,AMD,4.47
2016-05-03,COL,25.0
2016-05-04,ILMN,5.04
2016-05-05,WMB,11.67
2016-05-06,RIG,7.96
2016-05-11,FCX,5.35
2016-05-12,EA,1.87
2016-05-13,NVDA,4.57
2016-05-16,WMB,5.86
2016-05-17,WMB,4.47
2016-05-18,CFG,6.39
2016-05-19,AAP,7.02
2016-05-20,MU,4.75
2016-05-23,FCX,5.37
2016-05-24,VRTX,5.64
2016-05-31,GAS,5.26
2016-06-01,CPRI,6.62
2016-06-03,MOS,5.62
2016-06-06,RIG,12.83
2016-06-07,FFIV,12.36
2016-06-08,SIG,2.84
2016-06-09,EQT,5.11
2016-06-20,CBRE,2.87
2016-06-21,AMD,6.86
2016-06-22,NFX,3.33
2016-06-23,COL,11.11
2016-06-24,ORLY,4.96
2016-06-27,KR,4.99
2016-07-01,HOG,19.47
2016-07-05,COL,7.14
2016-07-06,COL,36.67
2016-07-07,AAL,3.56
2016-07-11,COL,26.67
2016-07-12,FCX,7.05
2016-07-13,MOS,4.82
2016-07-25,AMD,12.98
2016-07-29,DVN,6.51
2016-08-01,NFLX,3.44
2016-08-02,BIIB,8.99
2016-08-05,MRK,10.41
2016-08-11,COL,6.67
2016-08-12,CI,5.08
2016-08-15,COL,6.25
2016-08-25,HPQ,5.35
2016-08-31,COL,7.41
2016-09-01,NEM,3.68
2016-09-02,VRSN,4.91
2016-09-06,EOG,5.07
2016-09-07,COL,22.22
2016-09-08,COL,9.09
2016-09-09,WYNN,2.12
2016-09-14,AMD,5.04
2016-09-15,SWKS,5.51
2016-09-16,COL,9.38
2016-09-23,FSLR,4.78
2016-09-26,COL,18.75
2016-09-28,COL,20.0
2016-10-03,COL,12.12
2016-10-04,NTRS,3.13
2016-10-05,COTY,4.41
2016-10-06,HAR,6.31
2016-10-10,LUV,3.3
2016-10-18,HOG,6.8
2016-10-24,AMD,6.7
2016-10-25,AMD,8.7
2016-10-26,R,5.82
2016-10-31,DVA,5.64
2016-11-04,XRAY,9.8
2016-11-07,REGN,5.15
2016-11-08,FCX,6.99
2016-11-18,CF,7.38
2016-11-25,XRAY,2.88
2016-11-28,UA,4.99
2016-11-29,CTRA,3.41
2016-12-02,EVHC,5.52
2016-12-05,FSLR,7.19
2016-12-09,MOS,3.83
2016-12-12,COL,9.09
2016-12-22,CF,3.94
2016-12-29,NVDA,6.22
2016-12-30,CTRA,2.41
2017-01-03,XRX,5.51
2017-01-05,MAT,6.47
2017-01-06,AES,3.68
2017-01-13,QRVO,3.15
2017-01-17,PVH,4.89
2017-01-18,FAST,6.35
2017-01-20,SWKS,4.32
2017-01-23,CF,3.68
2017-01-24,PWR,6.79
2017-01-27,COL,10.0
2017-02-02,COL,15.79
2017-02-03,M,6.52
2017-02-06,COL,15.79
2017-02-16,ETR,2.68
2017-02-23,FSLR,10.39
2017-02-24,FL,5.74
2017-02-27,AMD,6.52
2017-02-28,ALB,5.96
2017-03-01,COL,5.26
2017-03-02,BBY,6.23
2017-03-03,COL,5.0
2017-03-09,SIG,11.35
2017-03-10,INCY,7.51
2017-03-13,RIG,2.85
2017-03-14,WU,2.63
2017-03-16,NRG,2.4
2017-03-17,WYNN,2.72
2017-03-20,COL,5.56
2017-03-21,DUK,1.89
2017-03-22,MAR,3.21
2017-03-28,COL,11.76
2017-03-29,JWN,5.56
2017-03-30,FCX,4.39
2017-04-04,VRTX,4.71
2017-04-05,COL,5.88
2017-04-06,KMX,5.3
2017-04-11,AAL,2.69
2017-04-18,AN,3.67
2017-04-19,AN,3.79
2017-04-20,NAVI,5.82
2017-04-25,FCX,4.63
2017-05-01,MAC,3.47
2017-05-02,UAL,4.98
2017-05-03,AIZ,4.52
2017-05-15,QRVO,6.36
2017-05-19,HP,4.25
2017-05-22,ADSK,3.24
2017-05-23,COL,6.25
2017-06-02,COO,4.69
2017-06-05,CPRI,4.71
2017-06-06,AMD,6.74
2017-06-07,COL,5.26
2017-06-15,NVDA,3.68
2017-06-16,COL,6.67
2017-06-19,NAVI,5.19
2017-06-20,AMD,3.69
2017-06-22,ORCL,8.57
2017-06-23,EQT,6.83
2017-06-26,FE,3.72
2017-07-07,DHI,3.38
2017-07-13,AN,3.95
2017-07-14,NRG,4.5
2017-07-17,IR,4.13
2017-07-20,OMC,4.26
2017-07-25,FCX,11.39
2017-07-26,NDAQ,6.72
2017-07-27,ADP,11.72
2017-07-28,EA,3.73
2017-07-31,COL,7.14
2017-08-01,XRX,4.88
2017-08-07,LRCX,3.58
2017-08-08,UAA,3.49
2017-08-09,TRIP,10.92
2017-08-11,TRIP,5.9
2017-08-15,RRC,4.63
2017-08-16,AAP,5.72
2017-08-17,TSCO,2.9
2017-08-28,NEM,2.76
2017-08-29,COL,6.67
2017-08-30,INCY,9.85
2017-08-31,BIIB,3.93
2017-09-01,COL,13.33
2017-09-05,TRIP,4.6
2017-09-12,AAP,5.36
2017-09-13,ORLY,4.37
2017-09-14,KIM,2.96
2017-09-18,CF,4.87
2017-09-19,JEF,3.71
2017-09-20,AMD,5.13
2017-09-21,SLG,3.15
2017-09-22,NAVI,5.42
2017-10-02,RRC,6.02
2017-10-06,UAA,3.28
2017-10-09,MU,3.12
2017-10-10,CMG,2.19
2017-10-13,EG,5.49
2017-10-16,DVA,3.08
2017-10-19,EVHC,10.84
2017-10-20,GE,7.63
2017-10-23,ITW,4.12
2017-11-02,COL,7.69
2017-11-08,COL,7.69
2017-11-09,MAC,8.43
2017-11-10,MAT,5.1
2017-11-22,TRIP,4.33
2017-11-29,TGT,8.55
2017-11-30,CVS,3.95
2017-12-06,HRB,9.4
2017-12-12,MOS,4.02
2017-12-13,MAT,6.56
2017-12-14,MAT,4.04
2017-12-27,COL,7.14
2017-12-29,NRG,2.04
2018-01-02,AMD,5.37
2018-01-03,COL,13.33
2018-01-04,SRCL,4.05
2018-01-05,WU,5.91
2018-01-09,GILD,4.68
2018-01-10,WBD,6.04
2018-01-11,COL,11.76
2018-01-17,LRCX,5.42
2018-01-23,MAT,10.38
2018-01-24,NAVI,9.34
2018-01-25,ES,5.56
2018-02-06,TRIP,17.05
2018-02-12,UA,4.52
2018-02-13,FFIV,6.38
2018-02-14,UAA,8.96
2018-02-26,WBD,4.7
2018-02-27,AES,4.37
2018-02-28,AAP,3.2
2018-03-07,AMD,5.7
2018-03-08,AKAM,6.5
2018-03-12,NWL,5.61
2018-03-16,ULTA,5.48
2018-03-19,NOC,2.0
2018-03-20,CBRE,11.35
2018-03-21,RRC,6.8
2018-03-22,PCG,2.46
2018-04-02,SCG,0.79
2018-04-04,KMX,8.3
2018-04-05,RRC,4.91
2018-04-06,MU,1.55
2018-04-09,COL,10.0
2018-04-10,META,4.5
2018-04-13,ALK,4.8
2018-04-19,KEY,4.21
2018-04-20,RF,5.0
2018-04-23,HAS,8.67
2018-04-24,BIIB,3.33
2018-05-03,NRG,4.12
2018-05-09,EXPD,5.25
2018-05-10,WBD,6.53
2018-05-11,NKTR,5.92
2018-05-23,RL,8.83
2018-05-24,NTAP,6.38
2018-05-31,TRIP,3.0
2018-06-01,NKTR,13.69
2018-06-05,M,7.4
2018-06-06,EFX,5.96
2018-06-07,APA,4.51
2018-06-08,AMD,5.03
2018-06-12,AYI,3.67
2018-06-13,COL,12.5
2018-06-14,NKTR,5.83
2018-06-15,COL,14.29
2018-06-18,AMD,5.75
2018-06-19,AIZ,5.2
2018-06-20,APA,4.63
2018-06-21,DRI,4.44
2018-06-26,FCX,2.85
2018-07-02,MU,5.75
2018-07-03,SCG,4.45
2018-07-05,SRCL,3.61
2018-07-06,AMD,5.41
2018-07-09,IR,4.05
2018-07-10,SBAC,2.64
2018-07-16,BAC,3.47
2018-07-17,NFLX,9.38
2018-07-18,UAL,4.5
2018-07-26,ALK,11.66
2018-07-30,BEN,5.93
2018-08-03,KHC,5.7
2018-08-06,META,3.75
2018-08-07,COL,12.5
2018-08-17,JWN,6.34
2018-08-20,COL,12.5
2018-08-28,COL,10.0
2018-08-29,UAA,4.0
2018-08-30,COL,20.0
2018-09-06,GIS,3.18
2018-09-07,MCK,4.15
2018-09-10,AMD,6.18
2018-09-11,URI,5.55
2018-09-12,AMD,7.69
2018-09-13,IR,4.11
2018-09-17,KR,3.93
2018-09-18,AAP,4.95
2018-09-19,NFX,4.26
2018-09-20,UAA,5.43
2018-09-21,AAL,3.71
2018-09-24,AMD,4.75
2018-10-01,HES,3.76
2018-10-04,CTRA,3.34
2018-10-10,TDG,2.74
2018-10-11,NEM,4.97
2018-10-12,HPE,3.35
2018-10-15,LHX,5.53
2018-10-24,DTE,4.85
2018-10-25,AMD,7.53
2018-10-31,COL,12.5
2018-11-06,MLM,7.86
2018-11-07,CNC,7.4
2018-11-12,NKTR,3.93
2018-11-13,GE,7.36
2018-11-14,COTY,5.84
2018-11-15,TTWO,6.76
2018-11-27,AMD,6.47
2018-11-28,ALGN,6.0
2018-11-29,DLTR,4.6
2018-12-03,EL,5.85
2018-12-04,AZO,1.5
2018-12-06,HPE,8.17
2018-12-07,PPL,2.61
2018-12-18,NKTR,4.08
2018-12-19,AIG,4.6
2018-12-21,IR,3.12
2018-12-24,PCG,3.58
2019-01-02,WYNN,8.52
2019-01-03,INCY,5.57
2019-01-08,NKTR,8.57
2019-01-09,LEN,5.44
2019-01-10,KSS,5.37
2019-01-11,AMD,4.11
2019-01-18,WDC,7.25
2019-02-15,AIG,4.03
2019-02-27,CPB,6.34
2019-04-02,WYNN,4.08
2019-06-03,DD,15.88
2019-06-07,ILMN,4.5
2019-07-01,MNST,2.65
2019-07-15,AMD,3.15
2019-08-08,MNST,13.26
2019-08-09,NKTR,16.35
2019-09-23,CPRI,3.86
2019-09-26,MO,2.26
2019-10-03,LW,5.9
2019-10-18,HBI,5.18
2019-11-05,KR,8.71
2019-11-21,JWN,4.09
2019-12-05,BIIB,2.88
2019-12-09,APA,4.3
2019-12-10,REGN,2.95
2019-12-23,APA,10.17
2020-01-28,WHR,3.75
2020-03-03,NEM,5.7
2020-04-03,CARR,23.05
2020-04-06,PVH,19.29
2020-05-12,OKE,3.58
2020-05-22,COTY,7.45
2020-06-22,CARR,5.67
2020-09-18,NWSA,4.41
2020-09-21,DGX,5.32
2020-10-07,IVZ,5.34
2020-10-12,F,4.21
2020-11-17,SLG,7.26
2020-12-21,FANG,6.53
2021-01-07,INCY,5.85
2021-01-21,BWA,6.58
2021-02-12,ILMN,11.35
2021-03-22,DXCM,4.74
2021-04-20,ENPH,3.63
2021-05-14,STX,10.7
2021-06-04,BIIB,4.37
2021-07-21,NCLH,8.62
2021-08-03,MRNA,10.91
2021-08-30,ETSY,3.3
2021-09-20,AAL,3.09
2021-10-04,MRNA,5.49
2021-12-14,CMCSA,5.34
2021-12-20,CCL,6.96
2022-01-20,MS,3.34
2022-02-02,EA,9.11
2022-02-15,MPWR,8.51
2022-02-17,SEE,6.41
2022-03-02,EPAM,12.42
2022-04-04,ETSY,5.9
2022-04-11,DAL,4.11
2022-05-10,XRAY,3.21
2022-06-08,LVS,4.59
2022-06-09,NXPI,4.36
2022-06-21,TSLA,5.54
2022-06-28,HES,2.42
2022-09-19,CF,7.42
2022-10-03,CZR,5.79
2022-10-12,RCL,10.53
2022-11-01,XRAY,12.4
2022-11-08,NEM,5.93
2022-12-19,BAX,1.94
2022-12-22,KMX,9.79
2023-01-04,GEHC,11.75
2023-03-15,CMA,12.58
2023-03-20,AIZ,4.83
2023-05-04,ZTS,6.23
2023-05-16,AMD,4.2
2023-06-07,WBD,8.25
2023-06-20,GNRC,7.7
2023-08-25,INTU,5.02
2023-08-30,HPE,5.98
2023-09-18,TYL,3.87
2023-10-02,PFE,3.0
2023-10-18,DVA,3.25
2024-02-01,FMC,6.51
2024-03-04,HPE,8.48
2024-03-18,MTCH,4.65
2024-03-25,SMCI,7.2
2024-04-03,PARA,14.0
2024-05-08,VST,9.07
2024-06-24,APA,3.86
2024-07-08,GLW,5.26
2024-09-23,SMCI,3.4
2024-09-30,AMTM,22.86
2024-10-01,APA,5.99
2024-11-26,NRG,8.18
2024-12-23,MPWR,4.32
